campus_id,campus_name,operator,country_code,longitude_wgs84,latitude_wgs84,coordinate_precision,coordinate_source_id,coordinate_source_url,lifecycle_status,lifecycle_display_group,lifecycle_as_of_date
AIFAB-001,Fab 15B,TSMC,TWN,120.6086166,24.2118688,operator_supplied_map_point,AISRC-0211,https://maps.app.goo.gl/ctdzf84Wjd5HqFJ28,operating,operating,2026-08-25
AIFAB-002,Fab 18A/B,TSMC,TWN,120.264142,23.116316,campus_search_anchor,AISRC-0080,https://www.tsmc.com/english/aboutTSMC/TSMC_Fabs,operating,operating,2026-08-10
AIFAB-003,Arizona campus / corporate Fab 21,TSMC,USA,-112.160555,33.774912,official_address_search_anchor,AISRC-0179,https://maps.app.goo.gl/rgCqvY34HuN419jw8,operating_with_expansion,operating,2026-08-25
AIFAB-004,Fab 20,TSMC,TWN,121.001806,24.766111,project_vicinity_anchor,AISRC-0180,https://pavo.sipa.gov.tw/sppc/bleppage02.html,operating_ramp,operating,2026-08-25
AIFAB-005,Fab 22,TSMC,TWN,120.30887,22.71279,official_site_event_point,AISRC-0198,https://www.ey.gov.tw/Page/278197D37F0FCDA?ED=20250331&K=&SD=20250331&T=1&page=1,operating_ramp,operating,2026-08-25
AIFAB-006,Fab 8,GlobalFoundries,USA,-73.75437,42.970089,epa_frs_representative_facility_center,AISRC-0215,https://ofmpub.epa.gov/frs_public2/frs_rest_services.get_facilities?registry_id=110043863922&coordinates_output=yes&program_output=yes&output=JSON,operating_with_expansion,operating,2026-08-25
AIFAB-007,Pyeongtaek Campus,Samsung Electronics,KOR,127.0601548,37.0355596,named_campus_area_representative_point,AISRC-0182,https://www.openstreetmap.org/relation/10723148,operating,operating,2026-08-25
AIFAB-008,Hwaseong Campus,Samsung Electronics,KOR,127.0659624,37.2185308,named_campus_area_representative_point,AISRC-0184,https://www.openstreetmap.org/way/479889842,operating,operating,2026-08-10
AIFAB-009,SMIC Southern SN1/SN2 campus,SMIC,CHN,121.6024705,31.217262,osm_feature_representative_point,AISRC-0183,https://www.openstreetmap.org/way/300654142,operating,operating,2026-08-25
AIFAB-010,Fab 14B,TSMC,TWN,120.2684919,23.1109711,named_fab_component_building_representative_point,AISRC-0152,https://www.openstreetmap.org/way/1369955775,operating,operating,2026-08-25
AIFAB-011,Austin Campus,Samsung Electronics,USA,-97.631386,30.375,epa_frs_representative_point_air_release_stack,AISRC-0216,https://ofmpub.epa.gov/frs_public2/frs_rest_services.get_facilities?registry_id=110000465531&coordinates_output=yes&program_output=yes&output=JSON,operating,operating,2026-08-25
AIFAB-012,Giheung Campus,Samsung Electronics,KOR,127.0842349,37.2288151,named_campus_landuse_representative_point,AISRC-0154,https://www.openstreetmap.org/way/326869111,operating,operating,2026-08-10
AIFAB-013,Arizona / Ocotillo Campus,Intel,USA,-111.88146,33.24591,epa_frs_address_matched_point_at_campus_edge,AISRC-0217,https://ofmpub.epa.gov/frs_public2/frs_rest_services.get_facilities?registry_id=110000471365&coordinates_output=yes&program_output=yes&output=JSON,operating_with_expansion,operating,2026-08-25
AIFAB-014,Oregon / Gordon Moore Park,Intel,USA,-122.917222,45.543333,epa_frs_representative_process_unit_point,AISRC-0218,https://frs-public.epa.gov/ords/frs_public2/fii_query_dtl.disp_program_facility?p_registry_id=110000487018,operating,operating,2026-08-25
AIFAB-015,Leixlip campus (Fab 24 / Fab 34),Intel,IRL,-6.51258,53.3749,regulator_facility_point,AISRC-0178,https://epawebapp.epa.ie/licences/lic_eDMS/090151b28063c199.pdf,operating_with_expansion,operating,2026-08-25
AIFAB-016,Kiryat Gat campus / Fab 28,Intel,ISR,34.788711,31.594133,regulator_facility_point,AISRC-0181,https://www.gov.il/apps/sviva/airq/atar_svivati_emission_details?atarsvivati=172589&layer=divuchim2020,operating,operating,2026-08-25
AIFAB-018,JASM Kumamoto campus,TSMC / JASM,JPN,130.843263,32.8865203,named_facility_area_representative_point,AISRC-0093,https://www.openstreetmap.org/way/1178207154,operating_with_expansion,operating,2026-08-25
AIFAB-019,Taylor Campus,Samsung Electronics,USA,-97.4525822,30.5373961,named_fab_building_representative_point,AISRC-0153,https://www.openstreetmap.org/way/1454508020,under_construction_preoperational,under_construction,2026-08-25
AIFAB-021,Huali Fab 6,Hua Hong / Huali,CHN,121.6134919,31.0766992,named_operator_campus_area_representative_point,AISRC-0150,https://www.openstreetmap.org/way/1242527328,operating_with_7nm_tapeout,operating,2026-08-10
AIFAB-022,IIM-1,Rapidus,JPN,141.7069727,42.7866449,named_campus_construction_area_representative_point,AISRC-0151,https://www.openstreetmap.org/way/1314075425,pilot_line,commissioning_or_pilot,2026-08-25
AIFAB-023,Fab 16,TSMC,CHN,118.5337487,31.9756476,named_fab_campus_landuse_representative_point,AISRC-0156,https://www.openstreetmap.org/way/810445179,operating,operating,2026-08-25
AIFAB-024,ESMC Dresden campus,ESMC / TSMC,DEU,13.7461526,51.1299386,osm_construction_geometry_representative_point,AISRC-0094,https://www.openstreetmap.org/way/583767292,under_construction,under_construction,2026-08-25
AIFAB-025,Fab 12B,TSMC,TWN,121.0125368,24.7695434,named_industrial_area_representative_point,AISRC-0095,https://www.openstreetmap.org/way/717426548,operating,operating,2026-08-25
AIFAB-026,Dresden Fab 1 campus,GlobalFoundries,DEU,13.717192,51.125797,named_industrial_area_representative_point,AISRC-0092,https://www.openstreetmap.org/way/10818500,operating_with_expansion,operating,2026-08-25
AIFAB-027,Ohio One campus,Intel,USA,-82.7113472,40.1169246,named_campus_construction_area_representative_point,AISRC-0149,https://www.openstreetmap.org/way/1093263212,under_construction_slowed,under_construction,2026-08-25
AIFAB-028,Beijing Jingcheng campus,SMIC / SMBC,CHN,116.572008,39.726638,analyst_estimated_four_road_parcel_center,AISRC-0188,https://www.smics.com/uploads/6795f77a/%26e8%2687%26aa%26e8%26a1%268c%26e7%269b%2691%26e6%26b5%268b%26e5%26b9%26b4%26e5%26ba%26a6%26e6%268a%26a5%26e5%2691%268a2024%26e5%26b9%26b4.pdf,operating,operating,2026-08-24
AIFAB-029,Shenzhen Pingshan campus,SMIC,CHN,114.3537343,22.7159901,named_operator_campus_area_representative_point,AISRC-0155,https://www.openstreetmap.org/way/797826476,operating,operating,2026-08-11
AIFAB-030,Shanghai Lingang campus,SMIC / SMOC,CHN,121.8370378,30.9871014,eia_project_center_converted_campus_link_unverified,AICOORD-20260823-001,https://nanoplatform.cn/new/14147/,operating,operating,2026-08-25
AIFAB-031,Tianjin Xiqing campus,SMIC / SMTC,CHN,117.1966,38.9786,analyst_estimated_four_road_parcel_center,AICOORD-20260823-002,https://www.sohu.com/a/581126452_121123526,construction_or_ramp_unresolved,status_uncertain,2026-08-25
AIFAB-032,Wuxi Fab 7/Fab 9 campus,Hua Hong Semiconductor,CHN,120.4052352,31.5243052,named_operator_campus_area_representative_point,AISRC-0157,https://www.openstreetmap.org/way/843767291,operating_with_ramp,operating,2026-08-25
AIFAB-033,Dholera semiconductor fab campus,Tata Electronics,IND,72.1941773,22.2262965,official_project_polygon_computed_centroid,AISRC-0169,https://environmentclearance.nic.in/writereaddata/FormB/agenda/0801202511837869SEACMinutesofthe982ndVC.pdf,under_construction,under_construction,2026-08-25
